{
  "test_accuracy": 0.8499506416584403,
  "test_precision": 0.5432525951557093,
  "test_recall": 0.8870056497175142,
  "test_f1": 0.6738197424892703,
  "test_roc_auc": 0.9519165788122078,
  "best_cv_roc_auc": 0.9474287527796037
}